tar_name,filepath,hash
timeseries_png_46916394,3_visualize/out/timeseries_AK.png,c6bf95f15480196a
timeseries_png_df0d603f,3_visualize/out/timeseries_AL.png,a490dce806ca3708
timeseries_png_624f8b85,3_visualize/out/timeseries_AR.png,4e472dad8f5d4453
timeseries_png_c3d478ba,3_visualize/out/timeseries_AZ.png,8be6c3d37789405c
timeseries_png_d728cdd5,3_visualize/out/timeseries_CA.png,67824f10fac8b16b
timeseries_png_5566b545,3_visualize/out/timeseries_CO.png,9901f3b2092f6b4f
timeseries_png_b2bb8c42,3_visualize/out/timeseries_CT.png,db58908fafd8af10
timeseries_png_e68db01c,3_visualize/out/timeseries_DC.png,19637454d13dea3e
timeseries_png_79a96392,3_visualize/out/timeseries_DE.png,5a6dd54323a7ec79
timeseries_png_90fe1ecc,3_visualize/out/timeseries_FL.png,4fbffd4faaca6ca8
timeseries_png_e237043d,3_visualize/out/timeseries_GA.png,0cd39ff3c02a22af
timeseries_png_693ad05b,3_visualize/out/timeseries_GU.png,a3ebd7eacdfcd0e4
timeseries_png_8aea465d,3_visualize/out/timeseries_HI.png,a906df3ab0213c6d
timeseries_png_6bf12066,3_visualize/out/timeseries_IA.png,7988e8889f661e04
timeseries_png_d951ad09,3_visualize/out/timeseries_ID.png,b2f7af9ae24723f9
timeseries_png_3d12499e,3_visualize/out/timeseries_IL.png,7f411f6800456486
timeseries_png_e9bc0ca2,3_visualize/out/timeseries_IN.png,13c0eb7c744d47a8
timeseries_png_5814363d,3_visualize/out/timeseries_KS.png,4621e9bfc98a5059
timeseries_png_d0269c4d,3_visualize/out/timeseries_KY.png,b9c8bc4dbd7c3100
timeseries_png_17c97b32,3_visualize/out/timeseries_LA.png,d6c1c503696db9b1
timeseries_png_b27037d8,3_visualize/out/timeseries_MA.png,06ba116726b1bebb
timeseries_png_2bd32844,3_visualize/out/timeseries_MD.png,09afcd74bf7b5409
timeseries_png_dbed6441,3_visualize/out/timeseries_ME.png,adc7811b39098cbe
timeseries_png_bb15b994,3_visualize/out/timeseries_MI.png,a5c24c0422040a92
timeseries_png_0f9202b1,3_visualize/out/timeseries_MN.png,2ad7e8a1cb74c0ec
timeseries_png_29b366d3,3_visualize/out/timeseries_MO.png,b855610d61e4d747
timeseries_png_2aa84665,3_visualize/out/timeseries_MS.png,59b35aee1d54df6f
timeseries_png_1b0124d4,3_visualize/out/timeseries_MT.png,9ae1cc2c617f87bc
timeseries_png_bf9fa7e8,3_visualize/out/timeseries_NC.png,638d5210b4611441
timeseries_png_753ee710,3_visualize/out/timeseries_ND.png,2e030713de8a4faf
timeseries_png_e01e4725,3_visualize/out/timeseries_NE.png,ebe4bbb82c096b02
timeseries_png_caab3b44,3_visualize/out/timeseries_NH.png,032e07f4219f9e0d
timeseries_png_3bf78b56,3_visualize/out/timeseries_NJ.png,f52b5249e337ba10
timeseries_png_b54d33e8,3_visualize/out/timeseries_NM.png,b55001583c8f2cf9
timeseries_png_1b1fa1b2,3_visualize/out/timeseries_NV.png,7cca956ad5082d8c
timeseries_png_f13c3677,3_visualize/out/timeseries_NY.png,cbeccab18fda2c63
timeseries_png_d6732065,3_visualize/out/timeseries_OH.png,a0b10247ea620bf8
timeseries_png_cf9a8413,3_visualize/out/timeseries_OK.png,667443b5f54ceef5
timeseries_png_b1b7e76e,3_visualize/out/timeseries_OR.png,cf12c85f16bec0b0
timeseries_png_eb8d796c,3_visualize/out/timeseries_PA.png,97affb647ea53a4e
timeseries_png_441dbfd6,3_visualize/out/timeseries_PR.png,ecad9974f21cee5f
timeseries_png_72a3d2ee,3_visualize/out/timeseries_RI.png,dcf614d6a893b016
timeseries_png_dac7354f,3_visualize/out/timeseries_SC.png,028e14ab8a401cdd
timeseries_png_cd61fcc5,3_visualize/out/timeseries_SD.png,eda7819d5e057127
timeseries_png_c361b96a,3_visualize/out/timeseries_TN.png,b8cc5a6165fe2cb5
timeseries_png_5d8b3198,3_visualize/out/timeseries_TX.png,76d24fc8176ce488
timeseries_png_4a402ea4,3_visualize/out/timeseries_UT.png,2d91514bcc2aed6f
timeseries_png_e4c2a683,3_visualize/out/timeseries_VA.png,4c690020f11d5e58
timeseries_png_9f01f395,3_visualize/out/timeseries_VT.png,297d3c479c723b01
timeseries_png_0324f227,3_visualize/out/timeseries_WA.png,f943930fd3971aa0
timeseries_png_53a45d53,3_visualize/out/timeseries_WI.png,7c7a0a76d8907c52
timeseries_png_2f34400e,3_visualize/out/timeseries_WV.png,787dd2ead6953903
timeseries_png_59384472,3_visualize/out/timeseries_WY.png,2680173146cf4213
